{
  "left_thresh": 0.42881112596553583,
  "right_thresh": 0.5858811368628829,
  "top_thresh": 0.37655159307681196,
  "down_thresh": 0.47655159307681194
}