{
  "left_thresh": 0.4889592729894561,
  "right_thresh": 0.5302444142182343,
  "top_thresh": 0.3817647348759611,
  "down_thresh": 0.4210875021157803
}