{
  "left_thresh": 0.42611448930982393,
  "right_thresh": 0.5694620865185682,
  "top_thresh": 0.4035387783653677,
  "down_thresh": 0.41653061231483485
}