{
  "left_thresh": 0.4461372686499801,
  "right_thresh": 0.5721061479119516,
  "top_thresh": 0.36436759218173037,
  "down_thresh": 0.46436759218173035
}